census_tract,population_density
36005000100,5824.813074
36005000200,27333.65277
36005000400,21077.76903
36005001600,30941.31154
36005001901,28956.3405
36005001902,8893.519288
36005001903,5.70018014
36005001904,0
36005002001,65036.10827
36005002002,57945.18572
36005002300,117365.5989
36005002400,22.47456848
36005002500,110553.7186
36005002701,97778.52324
36005002702,83216.94869
36005002800,36564.49237
36005003100,49622.3372
36005003300,62699.51591
36005003500,67957.4331
36005003700,5305.657667
36005003800,68756.40494
36005003900,76007.0018
36005004001,36574.68133
36005004100,86168.42912
36005004200,38585.35945
36005004300,67600.87581
36005004400,45270.03101
36005004600,37814.79313
36005004800,71844.89891
36005005001,131233.7492
36005005002,148211.1094
36005005100,32772.84035
36005005200,30197.0805
36005005300,157126.9212
36005005400,89673.5042
36005005600,54447.79014
36005005902,94878.23327
36005006000,9713.734642
36005006100,36739.99082
36005006200,90367.35723
36005006301,21745.32158
36005006302,187.1549426
36005006400,64848.4599
36005006500,61838.55907
36005006700,84041.19628
36005006800,57361.79002
36005006900,95950.99656
36005007000,63469.50207
36005007100,27334.52608
36005007200,76477.8902
36005007300,77702.78137
36005007400,48931.92832
36005007500,76793.23181
36005007600,67749.35579
36005007700,45318.36186
36005007800,58438.5148
36005007900,89319.40651
36005008300,74116.57226
36005008400,42734.4964
36005008500,84034.59986
36005008600,57207.79429
36005008700,72470.28331
36005008900,73220.68513
36005009000,9885.498619
36005009200,52312.7941
36005009301,25188.90931
36005009302,751.9846844
36005009600,10846.65997
36005009800,29546.23474
36005011000,0
36005011502,33855.95161
36005011701,18155.26795
36005011702,0
36005011800,13932.93978
36005011900,88447.84438
36005012101,74351.68596
36005012102,84310.38833
36005012300,40694.96882
36005012500,63192.40941
36005012701,52029.41364
36005012901,81538.03948
36005013000,26715.1607
36005013100,60441.68786
36005013200,28511.52167
36005013300,97447.95701
36005013500,61902.50947
36005013800,10355.1602
36005014100,107362.4693
36005014300,37898.07514
36005014400,39025.42149
36005014500,100451.1489
36005014701,118984.2317
36005014702,113147.4647
36005014900,78418.07107
36005015100,73844.52679
36005015200,23621.53594
36005015300,46564.58015
36005015500,65120.80525
36005015700,44994.69763
36005015800,23029.07148
36005015900,62024.11394
36005016000,20966.1131
36005016100,56787.48388
36005016200,27355.69625
36005016300,150.2669563
36005016400,19215.05516
36005016500,14433.99699
36005016600,23797.62084
36005016700,42441.49266
36005016900,44209.92496
36005017100,148.3485692
36005017300,100215.8445
36005017500,119390.9755
36005017701,115472.2213
36005017702,91518.81575
36005017901,172974.1865
36005017902,115130.6179
36005018101,110641.1107
36005018102,148066.8792
36005018301,168776.2166
36005018302,85021.24724
36005018400,25059.80629
36005018501,43279.0259
36005018502,73306.48543
36005018900,60894.61901
36005019300,64619.01288
36005019400,6233.41737
36005019500,88463.72833
36005019700,126151.9059
36005019900,115672.5193
36005020000,39657.1672
36005020100,39933.06765
36005020200,57874.39235
36005020400,60352.49333
36005020501,75350.16082
36005020502,62670.64833
36005020601,56003.52803
36005020900,94299.049
36005021001,120421.9839
36005021002,118244.7022
36005021100,99421.167
36005021200,169114.0277
36005021301,52757.23707
36005021302,89206.51543
36005021501,114861.464
36005021502,105776.9281
36005021601,74219.78816
36005021602,97610.48967
36005021700,80276.63877
36005021800,57087.19119
36005021900,21308.5714
36005022000,28447.83635
36005022101,152124.1062
36005022102,180521.4325
36005022200,46462.85477
36005022300,141358.3705
36005022401,84868.21812
36005022403,67939.21266
36005022404,125393.1852
36005022500,117125.0864
36005022701,125285.9981
36005022702,89336.32509
36005022703,113822.8042
36005022800,95298.7797
36005022901,122516.2299
36005022902,96162.15094
36005023000,48766.51831
36005023100,32368.49348
36005023200,54447.3533
36005023301,99522.92864
36005023302,147923.6319
36005023501,135575.6182
36005023502,118869.2539
36005023600,61999.92997
36005023702,63760.04034
36005023703,130950.2547
36005023704,152406.4323
36005023800,20976.44207
36005023900,119177.147
36005024000,49503.56371
36005024100,121766.6141
36005024300,96019.21849
36005024400,35477.8743
36005024501,115887.8979
36005024502,98190.63079
36005024600,39027.54229
36005024700,33355.45882
36005024800,33736.54357
36005024900,59.6331737
36005025000,38084.91471
36005025100,85669.74753
36005025200,36422.08819
36005025300,129729.3502
36005025400,32968.52737
36005025500,124279.8609
36005025600,26107.45341
36005025700,29050.82678
36005026100,30534.96984
36005026300,110728.6996
36005026400,34570.82292
36005026500,91818.19265
36005026601,50628.37042
36005026602,54711.2631
36005026701,149160.2401
36005026702,109317.271
36005026900,27824.89614
36005027300,101120.3581
36005027401,18972.86379
36005027402,18228.94643
36005027600,32.41013125
36005027700,73100.40612
36005027900,76341.24387
36005028100,74596.6596
36005028300,23731.5831
36005028400,683.9446888
36005028500,33792.10462
36005028600,18063.54058
36005028700,65924.60216
36005028800,23535.40043
36005028900,60982.09824
36005029301,17646.42737
36005029302,31963.95663
36005029500,50547.19717
36005029600,10305.33872
36005029700,44570.54071
36005030000,41064.93394
36005030100,28862.40052
36005030201,47312.76168
36005030202,85850.08853
36005030701,37857.45717
36005030900,7484.467681
36005031000,17708.23956
36005031200,19931.75991
36005031400,25397.8103
36005031600,30275.24495
36005031800,28474.96983
36005031900,5516.041432
36005032300,23080.84199
36005032400,30145.75403
36005032600,27249.404
36005032800,52299.85442
36005033000,73341.25696
36005033201,93189.05558
36005033202,94513.29426
36005033400,58.25688566
36005033500,9072.504167
36005033601,87128.81506
36005033602,71414.68818
36005033700,23429.57942
36005033801,52917.89682
36005033802,95721.38037
36005034000,79460.93129
36005034200,28604.965
36005034300,36367.91249
36005034400,31836.27264
36005034500,35403.71104
36005034800,39311.49323
36005035000,30870.19816
36005035100,15790.65087
36005035600,14482.01698
36005035800,29983.97395
36005035900,71936.07751
36005036000,29424.60519
36005036100,87504.05361
36005036300,82728.23993
36005036400,33099.17256
36005036501,105327.1336
36005036502,64949.2685
36005036700,74363.0437
36005036800,33075.70353
36005036901,50104.09067
36005036902,96451.17636
36005037000,41339.3937
36005037100,58862.47257
36005037200,31782.99754
36005037300,91338.6139
36005037400,60304.38331
36005037504,43465.56478
36005037600,47205.80862
36005037800,70106.91744
36005037900,93104.85159
36005038000,59879.4894
36005038100,117150.942
36005038200,46998.40792
36005038301,126660.1361
36005038303,117714.3844
36005038304,93618.07169
36005038500,73499.91879
36005038600,50301.16619
36005038700,48532.48624
36005038800,51239.10902
36005038900,73269.8475
36005039000,47380.78529
36005039100,90771.63701
36005039200,48737.05757
36005039300,114491.3802
36005039400,82879.47332
36005039500,26911.95683
36005039600,52037.61308
36005039700,22149.8831
36005039800,42944.92032
36005039901,89729.23201
36005039902,118363.8533
36005040100,76121.14072
36005040302,173379.1571
36005040303,143270.2671
36005040304,158617.7789
36005040400,42466.9056
36005040501,137063.6903
36005040502,134252.3362
36005040600,43976.92395
36005040701,143870.9271
36005040702,99070.26846
36005040800,93458.7732
36005040900,11229.40941
36005041100,68470.87369
36005041300,116249.0143
36005041400,26550.36901
36005041500,111943.4228
36005041800,36142.3693
36005041900,57258.4228
36005042000,67203.35382
36005042100,64544.02182
36005042200,47606.09451
36005042300,60005.54315
36005042400,37765.45011
36005042500,67584.14391
36005042600,35626.70534
36005042800,34135.38638
36005042901,93993.95114
36005042902,118687.7008
36005043000,37085.43519
36005043101,130393.4185
36005043102,117211.8812
36005043400,26937.59377
36005043501,7756.130499
36005043502,3.127685641
36005043503,67.79777982
36005043600,34489.88666
36005044200,41342.98203
36005044400,28264.86295
36005044800,30924.7239
36005044901,31872.23985
36005044902,36842.09915
36005045101,26738.22717
36005045102,26930.97683
36005045600,9772.320858
36005045800,61183.20131
36005046000,26006.60607
36005046203,22084.47632
36005046204,105181.0243
36005046205,13163.95421
36005046206,165568.6451
36005046207,85723.1811
36005046208,27524.54922
36005046209,20773.29703
36005048401,19948.59921
36005048402,559.0951872
36005050400,1.787791358
36005051601,10769.84075
36005051602,0
36047000100,57527.87093
36047000200,11269.80396
36047000301,49610.45698
36047000501,136237.0067
36047000502,70636.76608
36047000700,64685.96638
36047000900,81865.47906
36047001100,24254.1916
36047001300,21777.0773
36047001501,80894.02123
36047001502,105697.8064
36047001801,14277.04203
36047001802,25.98367736
36047001803,67.44969001
36047001804,0
36047002000,28464.36098
36047002100,29256.13389
36047002200,34952.49152
36047002300,56003.12117
36047002901,74645.77674
36047003000,42567.86826
36047003101,58666.21249
36047003102,0
36047003300,75645.24298
36047003400,18928.54432
36047003500,46765.72734
36047003600,81839.5774
36047003700,71032.96657
36047003800,31064.90259
36047003900,43638.77999
36047004100,54322.77975
36047004300,59666.67844
36047004400,15114.53533
36047004500,52790.26081
36047004600,10338.66546
36047004700,17794.93166
36047004900,64051.95329
36047005000,29311.84855
36047005100,38308.912
36047005201,36405.29819
36047005202,51849.51065
36047005301,9739.385707
36047005302,285.88972
36047005303,0
36047005400,54805.58901
36047005601,40199.07229
36047005602,33253.16307
36047005800,46222.03335
36047005900,12703.34775
36047006000,48921.61755
36047006200,47211.70191
36047006300,50392.68183
36047006400,46184.22709
36047006500,56578.41364
36047006600,66948.17427
36047006700,60014.32431
36047006800,76662.71775
36047006901,56751.89333
36047006902,48559.95467
36047007000,42600.25706
36047007100,67435.84824
36047007200,86291.48689
36047007400,106853.7095
36047007500,42964.66433
36047007600,91215.7467
36047007700,37843.3466
36047007800,100007.2839
36047008000,74917.23906
36047008200,74311.67294
36047008400,35158.25619
36047008500,70955.22516
36047008600,0
36047008800,44559.46276
36047009001,65525.33795
36047009002,48720.3271
36047009201,95511.89999
36047009202,156614.1373
36047009401,107294.258
36047009402,108614.7225
36047009600,111020.1023
36047009800,127607.5833
36047010000,132801.862
36047010100,37772.20132
36047010200,111754.2871
36047010401,102555.9326
36047010402,100818.0966
36047010601,104273.8494
36047010602,96741.18732
36047010801,98672.74458
36047010802,97438.91057
36047011000,44390.24347
36047011200,100326.072
36047011400,64058.18037
36047011600,89351.72558
36047011700,34396.71928
36047011800,30455.99252
36047011901,9177.657205
36047011902,0
36047012000,15753.56564
36047012100,33517.16248
36047012200,78714.32915
36047012600,33858.9934
36047012700,63976.54441
36047012801,57826.11022
36047012901,46998.02442
36047012902,63477.0033
36047013000,78492.93686
36047013100,65894.44836
36047013200,47717.04323
36047013300,76936.38087
36047013400,40669.97519
36047013500,64789.35129
36047013600,49309.04287
36047013700,57863.72933
36047013800,51726.79766
36047013900,63786.56902
36047014000,37500.94473
36047014101,55348.77392
36047014102,53689.58724
36047014200,44420.56503
36047014300,44179.02691
36047014500,52654.37737
36047014700,54791.54451
36047014800,24141.83436
36047014901,52820.23731
36047014902,53337.83292
36047015000,34745.27926
36047015100,64111.79115
36047015200,24582.83872
36047015300,45318.80888
36047015400,25.25612933
36047015500,59987.96089
36047015700,68791.81879
36047015900,53748.58499
36047016000,44683.62702
36047016100,48989.06561
36047016200,24166.19011
36047016300,57514.01986
36047016400,2502.285321
36047016500,70492.85564
36047016600,19095.25488
36047016700,72893.4846
36047016800,26085.16934
36047016900,55135.33
36047017000,44651.76134
36047017100,46174.80645
36047017200,41426.35071
36047017400,30508.54823
36047017500,6.602406346
36047017600,46863.05325
36047017700,16.79594198
36047017800,46724.63414
36047017900,63731.54963
36047018000,45958.80085
36047018100,64285.60199
36047018200,58620.38679
36047018300,52512.37404
36047018400,42721.02187
36047018501,103998.636
36047018600,54157.58515
36047018700,40343.99739
36047018800,43680.6318
36047019000,59028.67444
36047019100,34972.39477
36047019200,48322.60661
36047019300,60291.45467
36047019400,51822.98599
36047019500,69631.86934
36047019600,64520.00822
36047019700,54676.49073
36047019800,39624.13442
36047019900,54537.89695
36047020000,46899.33631
36047020100,57033.81623
36047020200,41242.94832
36047020300,39204.3509
36047020400,39195.37333
36047020500,55217.91949
36047020600,37953.92554
36047020700,91490.67058
36047020800,68350.19375
36047021000,77481.07707
36047021100,23867.56407
36047021200,71633.08581
36047021300,54568.69958
36047021400,38580.35886
36047021500,94697.38743
36047021600,65913.19102
36047021700,94158.16738
36047021800,68778.60669
36047021900,74418.86876
36047022000,75455.05217
36047022100,66367.59098
36047022200,82807.76009
36047022400,90240.3488
36047022600,44178.05117
36047022700,48584.0652
36047022800,56295.67698
36047022900,59128.49849
36047023000,76220.02435
36047023100,62258.23338
36047023200,73017.03103
36047023300,89845.77607
36047023400,90353.03046
36047023500,108320.1644
36047023600,99847.16944
36047023800,82539.82148
36047024000,78805.3562
36047024100,45630.00805
36047024200,44493.79499
36047024300,72942.99177
36047024400,60897.52694
36047024500,66081.18068
36047024600,51476.16131
36047024700,40634.94784
36047024800,38946.41358
36047024900,65542.85462
36047025000,26093.04015
36047025100,78715.7066
36047025200,75724.37678
36047025300,56287.73456
36047025400,53868.30283
36047025500,89657.16726
36047025600,50311.34533
36047025700,40353.04975
36047025800,77187.49118
36047025901,75162.89238
36047025902,154675.4337
36047026000,58140.51066
36047026100,84148.79649
36047026200,44725.40234
36047026300,45215.0007
36047026400,69760.99465
36047026500,71156.19129
36047026600,61839.22836
36047026700,68627.87278
36047026800,67814.82594
36047026900,58104.86271
36047027000,52552.38593
36047027100,36872.70212
36047027200,71204.23774
36047027300,54168.21367
36047027400,51874.59132
36047027500,65054.51821
36047027600,67369.22922
36047027700,69515.61791
36047027800,57167.21606
36047027900,58765.93903
36047028000,34515.13105
36047028100,76769.76621
36047028200,50182.36495
36047028300,83580.21927
36047028400,69315.68973
36047028501,19794.18357
36047028502,57435.72117
36047028600,89364.54309
36047028700,54006.30843
36047028800,66102.25381
36047028900,61460.62667
36047029000,73274.06714
36047029100,47853.2075
36047029200,35048.54618
36047029300,53576.18373
36047029400,31547.04885
36047029500,60600.80315
36047029600,72491.11752
36047029700,49403.06258
36047029800,46386.54938
36047029900,45455.63886
36047030000,56088.45539
36047030100,39562.1383
36047030200,53848.47942
36047030300,50577.60408
36047030400,26084.91254
36047030500,58213.61735
36047030600,29619.95973
36047030700,54572.93844
36047030800,8793.15858
36047030900,37673.97913
36047031100,54129.48205
36047031300,75915.2091
36047031401,29582.11063
36047031402,0
36047031500,80679.7454
36047031701,74118.27604
36047031702,68812.88402
36047031900,59074.165
36047032100,88783.87298
36047032300,52519.37573
36047032500,95624.7425
36047032600,55665.08023
36047032700,44960.60036
36047032800,34372.10277
36047032900,94497.19032
36047033000,30782.56725
36047033100,76663.76115
36047033300,62589.70872
36047033500,46314.80296
36047033600,17931.80065
36047033701,65883.63345
36047033702,55405.29351
36047033900,67007.03162
36047034000,39101.24219
36047034100,49754.00859
36047034200,79515.54529
36047034300,80244.33084
36047034500,43347.74192
36047034700,67539.28558
36047034800,12357.05897
36047034901,76525.65427
36047034902,92955.84022
36047035000,40198.93648
36047035101,83122.4239
36047035102,73040.45972
36047035200,3573.785539
36047035301,95054.26732
36047035302,78129.05798
36047035400,37629.3826
36047035500,97157.76553
36047035601,110710.6374
36047035602,83022.06087
36047035701,86148.66473
36047035702,352.3633395
36047035900,79248.0599
36047036001,92523.96195
36047036002,126531.0531
36047036100,54410.12426
36047036200,62664.66203
36047036300,53699.2268
36047036400,54349.06756
36047036501,60657.52101
36047036502,40359.81169
36047036600,51779.18549
36047036700,25423.12562
36047036900,70091.05906
36047037000,36589.04093
36047037100,61594.40585
36047037300,66490.04081
36047037401,53930.80785
36047037402,46104.66934
36047037500,62120.30988
36047037700,54059.64375
36047037900,54277.55653
36047038100,57449.80146
36047038200,65262.58045
36047038300,64371.67592
36047038500,58928.4888
36047038600,39305.35796
36047038700,67516.45786
36047038800,52955.70438
36047038900,56749.87516
36047039000,34577.86683
36047039100,90025.279
36047039200,43136.30488
36047039300,56566.30068
36047039400,29486.37815
36047039500,65349.6847
36047039600,30895.68725
36047039700,62938.27209
36047039800,36264.58048
36047039900,74971.354
36047040000,44259.11785
36047040100,61315.8962
36047040200,39667.62882
36047040300,47938.33454
36047040400,47397.15122
36047040500,34080.7509
36047040600,63389.52874
36047040700,30.78225318
36047040800,66608.40126
36047040900,57117.72039
36047041000,38721.74457
36047041100,63981.13905
36047041200,52873.84317
36047041300,63102.65833
36047041401,28368.09603
36047041402,31117.96922
36047041500,64187.73889
36047041600,33648.82941
36047041700,61436.56618
36047041800,41690.86741
36047041900,65675.1612
36047042000,29362.92355
36047042100,82174.12764
36047042200,41742.56983
36047042300,64895.02449
36047042400,67148.13488
36047042500,46693.1413
36047042600,66270.49357
36047042700,85945.7118
36047042800,67461.52761
36047042900,85586.33785
36047043000,62179.65092
36047043100,75201.99155
36047043200,78559.9005
36047043300,59159.70094
36047043400,71695.81125
36047043500,72528.10431
36047043600,88403.97955
36047043700,81368.945
36047043800,48207.66654
36047043900,53055.10835
36047044000,36984.95822
36047044100,100776.4659
36047044200,37270.60049
36047044300,80199.48656
36047044400,48373.82482
36047044500,64193.14074
36047044600,37019.66706
36047044700,39118.11074
36047044800,22666.27364
36047044901,18074.5986
36047044902,64.87125989
36047045000,7580.693476
36047045200,36392.94845
36047045300,15287.24269
36047045400,39854.40148
36047045600,46640.48314
36047045800,22493.88935
36047046000,50566.50786
36047046201,54498.44212
36047046202,28335.76698
36047046400,43141.20096
36047046800,18712.59722
36047047000,40213.93125
36047047200,46447.84155
36047047400,47596.21325
36047047600,50681.12481
36047047700,50252.46911
36047047800,62143.88334
36047048000,64665.99271
36047048100,53150.34361
36047048200,80619.83748
36047048400,73318.71668
36047048500,11000.66266
36047048600,53102.44551
36047048800,81965.99154
36047048900,106251.132
36047049000,81508.07652
36047049100,77348.25584
36047049200,52317.33794
36047049301,72444.81327
36047049302,88538.30679
36047049400,78338.88073
36047049500,62471.22555
36047049600,59284.45425
36047049700,49413.56165
36047049800,57250.53853
36047049900,39243.07325
36047050001,38133.20426
36047050002,66939.71591
36047050100,44259.58288
36047050202,44115.10683
36047050300,57026.15889
36047050401,53543.45062
36047050402,61541.35041
36047050500,69820.76356
36047050600,88259.48117
36047050700,52637.50558
36047050801,142707.5443
36047050803,117665.854
36047050804,155645.9623
36047050900,93378.97887
36047051001,125894.2466
36047051002,111275.6013
36047051100,74032.70018
36047051200,110006.7764
36047051300,55452.43583
36047051400,100448.889
36047051500,33960.65025
36047051601,120800.7204
36047051602,110097.3677
36047051700,36437.62438
36047051800,45385.1234
36047051900,57473.64573
36047052000,56741.94986
36047052300,96571.34183
36047052500,77609.51282
36047052600,66579.76404
36047052700,82401.64556
36047052800,26608.60703
36047052900,63658.73528
36047053000,53908.87367
36047053101,98463.76563
36047053102,183919.6243
36047053200,37295.7321
36047053300,95406.00163
36047053400,71359.03771
36047053500,88787.21405
36047053700,66569.37638
36047053800,87172.37098
36047053900,68159.59582
36047054200,65034.13879
36047054300,13.55540575
36047054400,51593.65799
36047054500,112759.1979
36047054600,77540.94555
36047054700,119605.8423
36047054800,32730.33826
36047054900,62920.26803
36047055000,56981.06114
36047055100,70938.19956
36047055200,57694.65542
36047055300,51013.83535
36047055400,73629.87959
36047055500,85993.43348
36047055600,52015.32868
36047055700,16943.06699
36047055800,41288.89828
36047056000,54420.70135
36047056100,26472.1685
36047056200,25700.64316
36047056301,71027.94726
36047056302,27179.85855
36047056400,37120.79122
36047056500,40684.3717
36047056600,38473.09173
36047056800,28797.91779
36047056900,32872.28623
36047057000,34885.64935
36047057100,62839.98019
36047057200,55503.99522
36047057300,39426.29639
36047057400,41647.00183
36047057500,69987.71355
36047057600,47552.3789
36047057800,50105.61284
36047057901,14918.47248
36047057902,0
36047058000,57173.98388
36047058200,48806.58853
36047058400,52246.96207
36047058600,42077.16211
36047058800,57313.32813
36047058901,22877.84625
36047058902,0
36047059000,32934.31638
36047059100,51987.16185
36047059200,50404.77134
36047059300,31331.33335
36047059402,41001.02872
36047059403,47347.19427
36047059404,53592.05461
36047059600,38441.90781
36047059800,47024.26811
36047060000,40293.68693
36047060600,45915.93234
36047060800,25921.89586
36047061002,57710.02307
36047061003,78113.46693
36047061004,76940.27445
36047061200,13888.28086
36047061600,6613.309083
36047062000,14320.47511
36047062200,34799.99071
36047062600,25658.67865
36047062800,17612.44994
36047063200,32551.83406
36047063600,29834.29133
36047063800,30088.87689
36047064000,27351.35923
36047064200,31566.40839
36047064400,35108.35086
36047064600,34807.127
36047064800,34066.64434
36047065000,22420.96838
36047065200,17744.6191
36047065400,28733.39248
36047065600,30271.44812
36047065800,31140.98961
36047066000,29961.51934
36047066200,16750.96576
36047066600,0.639983909
36047067000,35765.82586
36047067200,21330.90434
36047067400,27267.49835
36047067600,27037.73177
36047067800,44781.22939
36047068000,28943.12625
36047068200,31877.13005
36047068600,30606.1174
36047068800,28159.22
36047069000,28159.69557
36047069200,35705.34729
36047069601,22287.85335
36047069602,23616.58011
36047069800,7336.372479
36047070000,21167.05483
36047070201,16201.69703
36047070202,10.53567706
36047070203,0
36047070601,15439.4431
36047070602,8.656716967
36047072000,36093.00212
36047072200,29135.61515
36047072400,25752.72159
36047072600,24302.78599
36047072800,44520.18986
36047073000,30359.83816
36047073200,35191.11052
36047073400,31161.10112
36047073600,50529.04118
36047073800,47187.17754
36047074000,54961.56519
36047074200,44912.91495
36047074400,37782.14323
36047074600,26920.28707
36047074800,28401.27539
36047075000,43729.00971
36047075200,15582.33828
36047075400,20934.08266
36047075600,28862.87666
36047075800,25299.13593
36047076000,40394.12506
36047076200,60478.91869
36047076400,60635.22418
36047076600,62414.63973
36047076800,34569.14551
36047077000,44033.33326
36047077200,19665.13532
36047077400,53091.91449
36047077600,52536.99961
36047078000,34583.75555
36047078200,62801.48439
36047078400,37760.69993
36047078601,70559.57026
36047078602,63970.51262
36047078801,56718.10982
36047078802,53777.54251
36047079001,57696.16214
36047079002,79673.40107
36047079201,41510.87424
36047079202,76087.19611
36047079400,31963.79122
36047079601,96773.52603
36047079602,86124.44911
36047079801,59057.63816
36047079802,137503.1705
36047080000,53118.32321
36047080200,63210.67867
36047080400,45410.1302
36047080600,58882.47627
36047080800,15612.2271
36047081000,46360.56671
36047081400,47500.51446
36047081600,37197.55645
36047081800,79215.05851
36047082000,95773.78237
36047082200,109801.2068
36047082400,59963.66218
36047082600,67191.82695
36047082800,69528.76974
36047083000,79156.5989
36047083200,42030.87384
36047083400,35624.30913
36047083600,26870.57969
36047083800,34534.82819
36047084000,35394.79182
36047084600,30887.62486
36047084800,32548.84884
36047085000,27025.8683
36047085200,209.4453413
36047085400,39468.39966
36047085600,58256.28
36047085800,46260.47066
36047086000,56255.2849
36047086200,63332.70691
36047086400,42913.74666
36047086600,56011.6365
36047086800,50633.39678
36047087000,59378.21678
36047087200,55035.74946
36047087401,74171.91277
36047087600,38208.84746
36047087800,46697.57909
36047088001,67655.34935
36047088002,35215.6147
36047088200,86731.92056
36047088400,85470.42568
36047088600,65526.44853
36047088800,51491.14772
36047089000,69677.0329
36047089200,52949.27683
36047089400,57660.56378
36047089600,70926.43486
36047089800,39078.77227
36047090000,57167.20741
36047090200,51878.59045
36047090600,59964.99835
36047090800,51485.76064
36047091000,71006.42356
36047091200,101780.1153
36047091600,63764.82235
36047091800,33395.36695
36047092000,38126.44417
36047092200,48640.90926
36047092400,37333.97618
36047092800,47131.42602
36047093000,34230.20865
36047093200,11793.83059
36047093400,35930.3683
36047093600,29080.72112
36047093800,52587.98716
36047094401,24196.37648
36047094402,68107.1906
36047094600,19109.92711
36047095000,33865.40872
36047095400,56339.71855
36047095600,47868.26152
36047095800,41661.17582
36047096000,36.66054397
36047096200,24598.37849
36047096400,38443.31241
36047096600,33630.63922
36047096800,27026.29423
36047097000,37348.43509
36047097400,29877.09509
36047098200,30542.20529
36047098400,47612.01471
36047098600,46728.08555
36047098800,49307.66763
36047099000,26133.85073
36047099200,39561.19023
36047099400,31502.06707
36047099600,55324.29439
36047099800,26126.15446
36047100400,56897.59635
36047100600,45324.27921
36047100800,38076.29204
36047101000,39376.68151
36047101200,34074.33781
36047101400,37908.6231
36047101600,35733.34687
36047101800,18528.27389
36047102000,36052.22659
36047102200,36786.48468
36047102400,40842.64046
36047102600,56651.22369
36047102801,29519.27269
36047102802,14.97121929
36047103401,58540.44183
36047103402,0
36047105801,43407.55095
36047105804,21795.94159
36047107001,7601.388251
36047107002,0
36047107003,0
36047107800,21025.55171
36047109800,6941.94461
36047110400,17677.59898
36047110600,69014.6639
36047111000,62935.41115
36047111600,17798.78805
36047111800,55960.32305
36047112000,52097.976
36047112200,56081.69475
36047112400,62445.49333
36047112600,67139.86697
36047112800,62727.33746
36047113000,59594.63081
36047113200,32039.37386
36047113400,44871.51678
36047114201,16181.07737
36047114202,58029.08441
36047114400,14543.04842
36047114600,50699.38596
36047115000,51112.36982
36047115200,54501.11985
36047115600,72128.62704
36047115800,54479.97419
36047116000,44987.04506
36047116200,42863.43745
36047116400,46717.72718
36047116600,56612.8251
36047116800,40894.73675
36047117000,33240.16353
36047117201,52178.36396
36047117202,72775.28163
36047117400,52697.97391
36047117601,46918.84061
36047117602,62894.99994
36047117800,33526.63736
36047118000,24.12160111
36047118201,68547.47609
36047118202,68225.55781
36047118400,68672.39242
36047118600,61968.78434
36047118800,76581.51425
36047119000,40834.05678
36047119200,41771.77644
36047119400,61193.86877
36047119600,54580.33123
36047119800,29282.67911
36047120000,49432.57129
36047120200,33370.72587
36047120801,51226.39332
36047120802,83244.56725
36047120803,33534.1558
36047121000,60185.59827
36047121400,61255.87411
36047122000,14653.16564
36047123700,69198.52181
36047150200,21219.83554
36047152200,21836.73298
36061000100,0
36061000201,57751.10942
36061000202,60698.14478
36061000500,15.34502167
36061000600,125143.7177
36061000700,107821.9852
36061000800,127570.1812
36061000900,17469.58977
36061001001,57104.28604
36061001002,81713.72969
36061001200,81094.84223
36061001300,44105.95675
36061001401,98137.29195
36061001402,77708.73406
36061001501,80192.34517
36061001502,128734.0415
36061001600,96140.57037
36061001800,92162.70246
36061002000,95329.93525
36061002100,85277.92246
36061002201,111646.2526
36061002202,114847.9743
36061002400,64175.83902
36061002500,91179.42502
36061002601,88142.67911
36061002602,120293.7787
36061002700,59854.31598
36061002800,96179.88832
36061002901,19569.31404
36061002902,91171.42608
36061003001,97278.40551
36061003002,100094.402
36061003100,37768.99986
36061003200,99610.34691
36061003300,48953.08289
36061003400,113324.1971
36061003601,91157.65483
36061003602,87292.17737
36061003700,20888.57996
36061003800,116080.403
36061003900,55042.87759
36061004001,105669.4326
36061004002,152244.9091
36061004100,101864.719
36061004200,157882.5399
36061004300,72160.56194
36061004400,108788.946
36061004500,26973.90026
36061004700,41397.22084
36061004800,102486.6812
36061004900,59678.2367
36061005000,81261.41999
36061005200,58395.99216
36061005400,75698.54007
36061005501,94985.8593
36061005502,43866.93216
36061005600,63567.37066
36061005700,71864.87384
36061005800,75756.13699
36061005900,127232.096
36061006000,115189.9357
36061006100,100081.5462
36061006200,32525.07774
36061006300,97487.20181
36061006400,126381.771
36061006500,86548.844
36061006600,182957.5043
36061006700,85270.70052
36061006800,114411.7741
36061006900,32879.07809
36061007001,131333.7427
36061007002,143830.7359
36061007100,91844.21406
36061007200,138485.8881
36061007300,96831.35312
36061007400,84773.25228
36061007500,62510.26959
36061007600,43410.69206
36061007700,89703.57812
36061007800,132933.2786
36061007900,41957.12174
36061008000,88610.45919
36061008100,116687.2767
36061008200,51288.67601
36061008300,57299.82983
36061008400,29705.98774
36061008601,100280.93
36061008602,0
36061008603,118473.0124
36061008700,101913.1778
36061008800,127898.5015
36061008900,93180.00287
36061009000,130910.8053
36061009100,106464.0122
36061009200,24529.71282
36061009300,134850.7702
36061009400,1848.126347
36061009500,58618.27648
36061009600,8981.421913
36061009700,75947.50075
36061009800,118164.9021
36061009901,13851.05255
36061009902,53164.23501
36061009903,14662.94816
36061010000,32507.05033
36061010100,38306.79608
36061010200,4239.472292
36061010300,60790.52239
36061010400,14696.98207
36061010601,175328.9296
36061010602,113761.5861
36061010801,120608.3309
36061010802,171685.2379
36061010803,128359.1178
36061010900,5998.174108
36061011000,112554.5865
36061011100,90601.75503
36061011201,40151.06623
36061011202,16600.78453
36061011203,47183.12392
36061011300,3184.900958
36061011401,35783.62842
36061011402,68681.86802
36061011500,56980.031
36061011600,43209.94587
36061011700,69233.89903
36061011800,141954.0832
36061011900,24296.95203
36061012000,58453.75867
36061012101,99124.93659
36061012102,152179.5604
36061012200,51390.13933
36061012400,163711.1892
36061012500,43118.65614
36061012601,204149.8315
36061012602,185597.7785
36061012700,108376.9149
36061012800,94810.59918
36061012901,94055.25717
36061012902,39207.2872
36061013000,56834.82246
36061013100,58928.60399
36061013201,104409.3061
36061013202,159162.5329
36061013203,180126.6781
36061013300,100744.4502
36061013400,169304.1025
36061013501,70919.74345
36061013502,71188.95236
36061013601,135241.296
36061013602,232740.8571
36061013603,211100.5751
36061013604,182697.2983
36061013700,83618.8672
36061013800,186456.037
36061013900,142461.1072
36061014000,116405.5798
36061014200,64581.12056
36061014300,111.6613295
36061014401,175637.2966
36061014402,104715.3513
36061014500,110128.2601
36061014601,156114.8791
36061014602,214952.6115
36061014700,118261.2189
36061014801,160494.6488
36061014802,154507.368
36061014900,94505.23279
36061015001,116402.2645
36061015002,116370.1197
36061015101,88749.36073
36061015102,95674.7655
36061015200,105738.9207
36061015301,109932.8962
36061015302,178928.7691
36061015401,189381.3532
36061015402,213192.8702
36061015403,287370.2242
36061015501,153162.7607
36061015502,134021.0693
36061015601,196039.4386
36061015602,51294.90761
36061015700,159000.4695
36061015801,115334.84
36061015802,227087.8307
36061015900,148683.8116
36061016001,79422.31243
36061016002,181660.7692
36061016100,110044.1809
36061016200,86006.66722
36061016300,71642.5439
36061016400,107620.5059
36061016500,84407.49432
36061016600,104242.9362
36061016700,94801.03706
36061016800,64516.40639
36061016900,122677.0536
36061017000,113147.4609
36061017100,115259.0673
36061017200,79196.38027
36061017300,126148.1149
36061017401,139991.7134
36061017402,116199.7376
36061017500,132660.6887
36061017700,139204.5476
36061017800,40174.21611
36061017900,110219.211
36061018000,90536.60728
36061018100,167274.0339
36061018200,112369.4624
36061018300,98531.83843
36061018400,114699.2381
36061018500,104139.7836
36061018600,109077.4325
36061018700,111419.6781
36061018800,99339.95123
36061018900,112771.1011
36061019000,91801.78093
36061019100,104363.5002
36061019200,54173.51777
36061019300,128766.8323
36061019400,103240.2947
36061019500,92816.32178
36061019600,58922.49742
36061019701,14026.86995
36061019702,142130.489
36061019800,27226.5119
36061019900,109707.8636
36061020000,57190.71063
36061020101,87529.43518
36061020102,126687.2355
36061020300,56297.45273
36061020500,46277.26041
36061020600,63170.43902
36061020701,166281.251
36061020800,91611.72099
36061020901,81967.30757
36061021000,85793.01876
36061021100,78363.37308
36061021200,71931.05973
36061021303,94329.1431
36061021400,58743.53204
36061021500,143268.9753
36061021600,128110.1814
36061021703,4497.323546
36061021800,92993.42736
36061021900,52798.44405
36061022000,90510.5721
36061022102,62316.68097
36061022200,47011.00464
36061022301,100627.0162
36061022302,133660.9494
36061022400,97724.35217
36061022500,97642.8614
36061022600,82787.24643
36061022700,92578.13358
36061022800,85471.19556
36061022900,97867.1438
36061023000,135860.7426
36061023100,88939.8312
36061023200,115674.689
36061023300,71025.80222
36061023400,122334.5036
36061023501,97208.63113
36061023502,138214.5611
36061023600,97501.98019
36061023700,64694.69237
36061023802,50976.64309
36061023803,89378.79841
36061023804,34607.56669
36061023900,108507.7197
36061024000,1544.078676
36061024100,110274.5183
36061024200,33165.39888
36061024301,98311.90072
36061024302,87892.33302
36061024500,163469.559
36061024700,65884.31253
36061024900,46284.09621
36061025100,37154.86292
36061025300,154181.2466
36061025500,33431.42868
36061025700,76767.28603
36061025900,138276.839
36061026100,177941.2708
36061026300,131288.5755
36061026500,90964.36984
36061026700,113964.0678
36061026900,115773.4328
36061027100,102346.0726
36061027300,95431.55124
36061027500,28361.99365
36061027700,101894.4575
36061027900,144151.1989
36061028100,85426.80814
36061028300,132676.6106
36061028500,144303.5794
36061028700,18350.90527
36061029100,145181.4563
36061029300,132487.1628
36061029500,134481.0647
36061029700,43.70743726
36061029900,15126.58298
36061030300,61025.50723
36061030700,105196.9668
36061030900,73519.12719
36061031100,42.5301099
36061031703,61051.08199
36061031704,119945.3213
36061031900,78.28126983
36081000101,41163.23067
36081000102,181770.588
36081000103,462.9512889
36081000104,125.8755819
36081000200,51007.52254
36081000400,56642.09475
36081000600,50485.70544
36081000701,37252.53674
36081000702,36235.74289
36081000800,48846.07342
36081001000,60856.43035
36081001200,47693.53268
36081001400,49857.33565
36081001600,51988.15509
36081001800,44419.22301
36081001901,16261.13306
36081001902,128661.5004
36081001903,12318.28039
36081002000,33100.86647
36081002200,40213.38748
36081002400,40063.30935
36081002500,89136.34228
36081002600,37617.20057
36081002800,38025.26785
36081003000,33962.162
36081003100,33866.00621
36081003200,28640.12069
36081003301,59685.4587
36081003302,17106.10831
36081003400,29556.7053
36081003600,60359.09725
36081003700,13.39779479
36081003800,36597.94409
36081003900,25764.18627
36081004001,35708.70243
36081004002,26925.87247
36081004200,58255.88251
36081004300,35268.46369
36081004401,38629.15245
36081004500,38219.75812
36081004700,59096.51838
36081005000,0
36081005100,47446.81677
36081005200,61070.12578
36081005300,71136.787
36081005400,34912.69615
36081005500,21332.63598
36081005700,49548.80539
36081005800,27171.18804
36081005900,57611.87346
36081006100,83533.43676
36081006201,34641.76768
36081006202,15609.59049
36081006300,71629.92695
36081006501,84974.58334
36081006502,67618.06366
36081006900,63846.86163
36081007100,57824.08717
36081007300,81783.31704
36081007500,89729.43739
36081007700,43222.01056
36081007900,58542.47144
36081008100,40606.19352
36081008300,47579.46796
36081008500,18772.01569
36081008600,23267.79356
36081008700,52908.42455
36081008800,19916.32171
36081009100,37988.91855
36081009400,43844.89342
36081009500,39516.32341
36081009600,39225.51691
36081009700,49539.67285
36081009800,50196.74572
36081009900,0
36081010000,39229.06522
36081010100,39788.76898
36081010200,34709.18175
36081010300,42914.15213
36081010400,46042.44096
36081010500,60701.31101
36081010600,51153.64027
36081010701,11.32581066
36081010800,49866.56762
36081011000,50060.05538
36081011100,49862.64272
36081011200,34183.26375
36081011300,62040.50147
36081011400,33451.59354
36081011500,33694.0328
36081011600,44825.18775
36081011700,46730.69639
36081011800,44350.52116
36081011900,40171.24245
36081012000,42741.44171
36081012100,40887.62782
36081012200,34527.42287
36081012301,14326.64668
36081012400,37645.82197
36081012500,27559.99227
36081012601,44767.65175
36081012602,47201.64203
36081012800,35975.21793
36081013000,24245.08725
36081013200,25838.48163
36081013400,80140.50476
36081013500,29112.99288
36081013600,34109.40024
36081013700,22631.12661
36081013800,57748.54691
36081014000,46084.24127
36081014100,24905.04095
36081014201,57740.03298
36081014202,12025.34982
36081014300,76026.56232
36081014400,23622.57
36081014500,48011.17544
36081014700,51344.60834
36081014800,36049.01289
36081014900,60184.24965
36081015000,42568.77848
36081015100,51919.32
36081015200,36873.03135
36081015300,45377.86571
36081015400,41227.56367
36081015500,41156.62793
36081015600,39688.8497
36081015700,33366.78089
36081015801,33442.77135
36081015802,42858.69405
36081015900,61206.29799
36081016100,55100.49874
36081016300,48099.21767
36081016400,43283.64411
36081016600,43404.33947
36081016800,33865.82223
36081016900,62508.06247
36081017000,29822.95654
36081017101,112.0847058
36081017102,171.7110683
36081017200,30147.6642
36081017400,32929.68046
36081017600,29756.33358
36081017800,28603.03114
36081017901,26498.6528
36081017902,851.0012533
36081018000,25573.51326
36081018101,103337.6738
36081018102,101931.0693
36081018200,25229.8971
36081018300,72800.99093
36081018401,29581.20209
36081018402,29391.38664
36081018501,92063.92586
36081018502,90892.01134
36081018600,25792.67294
36081018700,38733.86512
36081018800,21864.13681
36081018900,41126.97177
36081019000,33636.92246
36081019200,30389.96892
36081019400,25527.59203
36081019600,36276.58755
36081019800,45909.79071
36081019901,8817.587393
36081019902,1311.45755
36081019903,0
36081020200,28637.24919
36081020400,20582.99725
36081020500,5218.471039
36081020600,35656.90613
36081020800,16748.38629
36081021200,30375.64232
36081021400,45391.7246
36081021601,30455.72962
36081021602,34769.898
36081021603,0
36081021900,62.52721064
36081022001,42877.71353
36081022002,50839.80965
36081022900,0
36081023000,29367.77708
36081023200,41255.35019
36081023501,82590.14719
36081023502,74373.87323
36081023600,47985.8679
36081023800,80382.87081
36081024000,60069.83516
36081024300,29878.50144
36081024500,55728.06595
36081024600,8.532636663
36081024700,40778.22964
36081024900,72642.46072
36081025100,61349.28562
36081025301,91835.60322
36081025302,74299.80143
36081025401,40069.37177
36081025402,42111.74242
36081025500,19023.08733
36081025700,28344.41369
36081025800,27985.26518
36081025900,49007.88773
36081026000,42325.2849
36081026100,91184.74399
36081026200,29838.69628
36081026300,82623.13664
36081026400,27849.22388
36081026501,77276.10059
36081026502,60151.21042
36081026600,29178.87266
36081026700,76490.55591
36081026901,118146.2485
36081026902,140058.2188
36081027000,27429.19772
36081027101,157096.4051
36081027102,164705.7924
36081027200,34804.41745
36081027301,96441.86865
36081027302,105831.1922
36081027400,34725.87461
36081027500,98758.00122
36081027600,22272.20313
36081027701,120072.5875
36081027702,133882.2663
36081027800,37347.92822
36081027900,92953.3104
36081028000,29767.99712
36081028100,88950.52257
36081028200,25563.20086
36081028300,109638.9147
36081028400,22712.26277
36081028500,79581.55204
36081028700,86639.6497
36081028801,31935.33185
36081028802,25257.44549
36081028803,76.03299671
36081028900,78050.73326
36081029100,72714.52029
36081029300,24935.32614
36081029400,19639.55338
36081029500,54158.61838
36081029700,11263.52841
36081029900,31.72022388
36081030600,10117.74613
36081030903,49693.31714
36081030904,23273.82507
36081030905,45768.33786
36081030906,58784.67873
36081031700,22878.89425
36081032000,12947.77374
36081032700,67508.76897
36081032800,18720.14238
36081032900,25199.49873
36081033000,23338.9064
36081033100,0
36081033401,19383.70346
36081033403,49544.34371
36081033404,52967.44373
36081033405,34780.46725
36081033700,64645.82026
36081033900,59772.65224
36081034700,24954.47876
36081035100,77713.96258
36081035200,10894.4194
36081035300,47220.01924
36081035700,23419.87707
36081035800,22261.2008
36081036100,44533.52181
36081036300,47271.17386
36081036500,64548.66721
36081036600,21040.63531
36081036700,41039.66137
36081036800,27952.79176
36081037100,26483.70972
36081037300,31514.1332
36081037501,72181.35356
36081037502,71861.47702
36081037600,21443.23377
36081037700,79260.14579
36081037900,85479.97357
36081038100,63234.64653
36081038301,9.247282036
36081038302,25.4301164
36081038400,23678.45764
36081039400,24781.08682
36081039800,21795.09422
36081039901,70206.91395
36081039902,93044.92697
36081040000,19447.90048
36081040101,83843.44752
36081040102,100389.0741
36081040200,17487.0933
36081040301,80899.67821
36081040302,110739.9183
36081040400,23068.26409
36081040501,42878.91575
36081040502,97102.78558
36081040701,116237.9115
36081040702,102964.5951
36081040901,71305.53289
36081040902,112163.835
36081041100,85257.49494
36081041300,77502.94692
36081041400,24771.58519
36081041500,66135.28343
36081042400,11509.60898
36081042600,1807.052652
36081042700,75897.418
36081043200,13907.78432
36081043400,21655.65006
36081043701,65507.40169
36081043702,103392.0857
36081043900,77518.85176
36081044000,32723.86234
36081044301,91565.91744
36081044302,50062.97631
36081044400,13170.43361
36081044601,46239.90926
36081044602,83329.88979
36081044800,38139.69695
36081045000,30536.0488
36081045200,14370.53054
36081045400,58382.25561
36081045500,230628.0549
36081045600,21791.83897
36081045700,60844.93823
36081045800,23980.09935
36081045900,78521.17967
36081046000,72490.35416
36081046100,66641.27459
36081046200,85146.25368
36081046300,73776.84351
36081046400,20842.90089
36081046500,85352.19483
36081046600,39581.74855
36081046700,132932.7193
36081046800,47110.60128
36081046901,150728.2981
36081046902,138502.7543
36081047000,37756.21128
36081047100,78389.16981
36081047200,19198.54027
36081047300,63454.32107
36081047500,50416.14051
36081047600,6500.696008
36081047801,20229.96559
36081047802,29492.89986
36081047900,45118.04023
36081048000,29987.96126
36081048100,117735.1937
36081048200,17215.32627
36081048301,63571.62444
36081048302,40390.73022
36081048400,34782.9225
36081048500,43517.34276
36081048900,13858.3525
36081049201,25352.10597
36081049202,27338.4687
36081049301,37728.61273
36081049302,33635.33365
36081049500,28702.70963
36081049600,30829.57786
36081049700,44322.48697
36081049900,30678.48706
36081050000,36822.79379
36081050201,25848.73709
36081050202,25772.12077
36081050400,22415.22286
36081050500,39436.9125
36081050600,20543.69314
36081050700,25738.65678
36081050800,24586.66426
36081051000,22636.98792
36081051100,23582.56661
36081051200,18939.48238
36081051300,35302.9325
36081051500,36085.40765
36081051600,29178.1566
36081051700,21866.9294
36081051800,29709.49779
36081052000,23957.69731
36081052100,29906.09945
36081052200,24475.56959
36081052400,25677.95383
36081052500,28859.51845
36081052600,27775.96332
36081052800,22440.36034
36081053000,26928.63721
36081053100,21172.61387
36081053200,25735.99385
36081053401,20938.04177
36081053501,15404.54852
36081053502,0
36081053601,21338.03078
36081053800,22613.0319
36081053901,23409.49444
36081053902,1376.929105
36081054000,22951.07337
36081054200,24611.92447
36081054500,83263.79809
36081054700,83543.47176
36081054800,26809.64036
36081054900,77756.39649
36081055100,76364.185
36081055200,19689.40496
36081055300,53982.49769
36081055400,29268.52613
36081055500,32603.15634
36081055600,25591.34562
36081055700,43022.55193
36081055800,23023.91079
36081055900,19240.14418
36081056000,21150.33702
36081056100,18.35452677
36081056200,23546.37176
36081056400,21564.32939
36081056500,36964.01742
36081056600,21092.49811
36081056700,39259.39523
36081056800,14797.35752
36081057700,55838.80881
36081057900,66049.46866
36081058000,16886.97095
36081058100,50228.51817
36081058200,20719.02175
36081058300,60843.80633
36081058500,62463.67769
36081058700,59780.94643
36081058900,67510.94138
36081059000,19302.31093
36081059100,66986.42625
36081059200,13583.47271
36081059300,42032.45326
36081059400,17566.27874
36081059501,32852.07709
36081059502,30381.09091
36081059600,18278.35273
36081059800,22127.75078
36081059900,32486.68858
36081060000,17924.45166
36081060100,40486.90656
36081060300,26475.66137
36081060600,15975.69887
36081060701,10.89773335
36081060800,18067.17696
36081061000,13165.24201
36081061200,15313.22906
36081061301,20942.94656
36081061302,0
36081061400,12108.28835
36081061601,14271.27626
36081061602,8598.356123
36081061800,18614.49329
36081061900,31107.01563
36081062000,16995.74075
36081062100,31598.6719
36081062200,11721.78803
36081062300,31792.88967
36081062400,0
36081062500,34202.39814
36081062600,16219.24222
36081062700,49558.59204
36081062900,42928.91351
36081063000,21783.0015
36081063200,19731.13087
36081063301,30506.63121
36081063302,31082.32018
36081063500,38058.30567
36081063700,13066.8035
36081063800,13437.7716
36081063900,28741.64024
36081064101,72072.921
36081064102,4.655371497
36081064500,17267.03284
36081064600,19235.16543
36081065000,18330.91503
36081065401,17042.63665
36081065402,51.27673728
36081065501,9.567919614
36081065600,23708.13445
36081065702,31901.7161
36081065703,27293.90485
36081065900,24730.08036
36081066000,23524.20954
36081066100,30499.87366
36081066301,25065.3239
36081066302,42.31246018
36081066401,4475.624833
36081066402,25962.58009
36081066403,33119.01127
36081066404,0
36081066501,27954.34244
36081066701,28592.7671
36081066900,28958.47764
36081067100,25413.31895
36081067700,25516.43704
36081067900,44903.58275
36081068000,17690.68873
36081068200,14202.81511
36081068300,42941.97158
36081068700,42750.92311
36081069000,27980.97918
36081069300,52289.51004
36081069400,17948.29657
36081069500,29772.4902
36081069701,86708.96545
36081069702,23053.06942
36081070300,23907.05257
36081070700,28295.42733
36081070900,31086.41541
36081071100,39228.34212
36081071303,97728.09974
36081071304,106796.3878
36081071305,98342.07515
36081071306,88282.54793
36081071600,0.282763565
36081071701,75723.6307
36081071702,53173.60155
36081071900,45056.70495
36081072100,76638.11093
36081072300,11890.48561
36081072900,19919.79663
36081073100,21146.32301
36081073700,28001.66506
36081073900,64064.65393
36081074100,47588.95012
36081074300,59342.54099
36081074500,54312.47259
36081074700,31017.55795
36081074900,11274.30302
36081075701,66962.00135
36081075702,37237.32839
36081076901,61149.27531
36081076902,35559.89056
36081077300,21447.96544
36081077500,25291.6833
36081077902,25088.57766
36081077903,28832.29196
36081077904,42463.00253
36081077905,24339.90482
36081077906,35551.57791
36081077907,40002.35116
36081077908,49578.66673
36081078800,26931.11853
36081079000,28574.22906
36081079200,19341.86881
36081079300,2.963135676
36081079701,177300.8172
36081079702,45384.90095
36081079900,34920.23374
36081080301,39572.46
36081080302,23459.56556
36081080900,19636.19112
36081081400,28650.09266
36081081800,26740.98157
36081083700,20662.68935
36081083800,27155.60451
36081084000,30269.8771
36081084500,75719.8862
36081084601,23814.74105
36081084602,5405.428623
36081084901,38265.48709
36081084902,116197.563
36081085300,71838.71523
36081085500,136713.105
36081085700,112768.7745
36081085900,109149.4563
36081086100,42647.731
36081086300,127891.3256
36081086400,6625.700645
36081086500,85497.16472
36081086900,10192.41874
36081087100,40022.48574
36081088400,12598.18659
36081088902,62999.3683
36081088903,31487.82936
36081089201,10798.89104
36081089202,0
36081090700,2028.91289
36081091602,24.32678824
36081091603,6117.194434
36081091604,0
36081091800,27.59114842
36081091900,36869.73101
36081092200,9024.220267
36081092500,36111.02738
36081092800,10879.93407
36081092900,20672.93924
36081093401,17833.34818
36081093402,24302.68694
36081093800,14266.76919
36081093900,24739.81628
36081094201,27791.87386
36081094202,17362.7683
36081094203,28831.26143
36081094500,7335.69813
36081094700,28831.37012
36081095400,19558.80036
36081096400,19072.79286
36081097202,15540.61969
36081097204,26955.7688
36081097205,62772.9692
36081097206,24567.65461
36081097207,37.35505738
36081097300,9831.472395
36081098100,9367.095599
36081098700,9870.117809
36081099100,15854.2927
36081099200,19363.76362
36081099701,8167.887544
36081099703,17688.63443
36081099704,27895.64478
36081099705,15813.67466
36081099801,44534.40776
36081099802,34693.27168
36081099900,0
36081100801,10023.07081
36081100803,35922.44293
36081100804,16164.01247
36081101002,22256.22257
36081101003,43558.82381
36081101004,30022.79217
36081101700,16539.5493
36081102900,19990.85556
36081103201,45286.10623
36081103202,24801.94213
36081103300,19055.84457
36081103900,19723.26234
36081104700,24327.61518
36081105900,15199.10443
36081107201,4438.977648
36081107202,0
36081108500,16175.16117
36081109300,7599.170287
36081109700,10455.46503
36081109900,24197.18599
36081111300,9259.773202
36081112300,19716.60163
36081112900,16402.30394
36081113300,15856.50714
36081113900,24333.85268
36081114100,14912.49351
36081114700,15391.90373
36081115100,9960.893146
36081115500,29527.21214
36081115700,29050.94892
36081115900,32874.52688
36081116100,67589.64438
36081116301,100537.9473
36081116302,75914.84064
36081116700,32649.85565
36081117100,18483.25432
36081117500,24910.23903
36081118100,26732.63816
36081118500,39363.95636
36081118700,36629.30661
36081118900,33598.64048
36081119100,43950.73465
36081119300,29532.34633
36081119500,19764.53168
36081119900,23868.46177
36081120100,29255.87914
36081120300,25588.5387
36081120500,40264.85295
36081120701,20236.34922
36081120702,24.84869728
36081121100,5.287200425
36081121500,19423.09562
36081122300,19969.40546
36081122702,40075.88049
36081122703,40022.0585
36081122704,44064.48042
36081124100,20781.73017
36081124700,20003.75459
36081125700,28420.7592
36081126500,20573.58006
36081126700,15136.96119
36081127700,8721.175325
36081128300,6.567139807
36081129102,9298.563184
36081129103,21525.94942
36081129104,15790.15701
36081130100,15580.00676
36081133300,14581.7558
36081133900,15571.23075
36081134100,15981.78347
36081134701,30967.83497
36081134702,21589.42143
36081136700,20963.36073
36081137700,25250.90177
36081138501,13068.29785
36081138502,93.48894371
36081139900,12580.11036
36081140300,16647.28373
36081140901,10805.03468
36081140902,13998.60717
36081141700,14440.74764
36081142900,19031.35362
36081143500,17115.98913
36081144100,22721.48469
36081144700,19645.17311
36081145101,15429.56702
36081145102,19571.7357
36081145900,19961.39867
36081146300,23416.12398
36081146700,20503.8647
36081147100,19885.62852
36081147900,12185.54549
36081148300,5761.853295
36081150701,8620.476318
36081150702,9452.510949
36081152901,11812.8977
36081152902,14203.74314
36081155101,10602.01592
36081155103,15412.06391
36081155104,13255.72719
36081156700,2590.530778
36081157101,15980.16995
36081157102,17067.34624
36081157901,14807.63558
36081157902,13466.12969
36081157903,17505.61033
36081161700,16745.07166
36081162100,24364.12347
36085000300,16111.04677
36085000600,11105.45885
36085000700,25222.41085
36085000800,20296.36155
36085000900,25020.04563
36085001100,33732.22551
36085001700,15785.12645
36085001800,1408.587319
36085002001,12743.83721
36085002002,11081.50497
36085002100,16381.44338
36085002700,21197.18728
36085002900,33774.3523
36085003300,11356.78483
36085003600,17672.40207
36085003900,9679.250595
36085004001,23904.71894
36085004002,26170.56765
36085004003,64271.7361
36085004004,20237.77347
36085004700,9039.50223
36085005000,14238.78358
36085005901,7889.655099
36085005902,28.77099515
36085006400,13493.5498
36085006700,7972.403676
36085007001,14408.94101
36085007002,7428.799805
36085007400,23743.7977
36085007500,22632.2658
36085007700,18361.7619
36085008100,15478.84722
36085009601,13595.8864
36085009602,15797.2892
36085009701,14495.09645
36085009702,56.38176509
36085010500,17749.5486
36085011201,9290.806917
36085011203,17560.54675
36085011204,122.0783625
36085011401,15970.77012
36085011402,16712.773
36085012100,11211.88793
36085012200,12320.88052
36085012500,17340.54754
36085012804,13406.55383
36085012805,6149.435848
36085012806,13070.9528
36085013201,9150.166513
36085013203,14591.72306
36085013204,12526.28877
36085013301,62733.27336
36085013302,11383.63104
36085013400,12799.17521
36085013800,12191.43926
36085014100,23856.90385
36085014604,15257.74573
36085014605,11193.32698
36085014606,9207.638322
36085014607,17620.77047
36085014608,21014.1951
36085014700,5361.647446
36085015100,14045.23087
36085015400,5.831436044
36085015601,12068.28335
36085015602,9982.838233
36085015603,12761.99715
36085016901,10105.92313
36085017005,9030.329621
36085017007,9800.168369
36085017009,9798.388046
36085017011,16514.23549
36085017012,12557.13986
36085017013,20160.67217
36085017014,20233.69673
36085017015,15354.64224
36085017016,18157.42428
36085017300,19129.25547
36085017600,3911.744375
36085017701,4168.611257
36085017702,10383.05684
36085018100,1778.075215
36085018701,12346.27699
36085018703,21702.08719
36085018704,18170.49678
36085018901,13047.41387
36085018902,18978.73145
36085019700,16895.14655
36085019800,3072.441527
36085020100,15650.71992
36085020701,24438.76193
36085020702,16418.18629
36085020803,9070.983513
36085020804,10439.68598
36085020805,14780.05445
36085020806,4782.529149
36085021300,18938.56327
36085022300,10592.26532
36085022601,10291.33716
36085022602,504.4891703
36085022801,60.52713586
36085022802,7.053728417
36085023100,21664.71082
36085023900,17547.83885
36085024401,7006.820578
36085024402,6224.115827
36085024700,15614.75794
36085024800,7533.402902
36085025100,13329.0441
36085027301,4112.618557
36085027302,10759.2042
36085027702,11531.98943
36085027704,22621.95311
36085027705,28583.3315
36085027706,17967.73988
36085027900,1042.191249
36085029102,951.1514792
36085029104,12059.77942
36085029105,6856.861082
36085029106,19423.28688
36085030301,18471.13512
36085030302,19006.7487
36085031901,21771.78419
36085031902,20628.71757
36085032300,825.626184
